"source","author","text","url","raw_timestamp","ingested_at","time","diff"
"telegram","intelslava","üá∫üá∏üáªüá™‚ùóÔ∏èMaduro was brought to the courtroom without handcuffs, the hearing is starting, he is accused of drug-related terrorism - Fox News","https://t.me/intelslava/81100","1767633411.0","2026-01-05T21:05:25.767997","1767647124866","1"
"telegram","disclosetv","NEW - Heat pumps are at risk of explosion due to the ongoing multi-day power outage in southwest Berlin.

Hailed heat pumps of Germany's energy transition, especially monoblock models, often use flammable refrigerants such as propane. During prolonged power outages, safety mechanisms (e.g., pumps or valves) fail, which can lead to gas accumulation or leaks. Ignition sources pose a risk of explosion. Those affected should not operate the devices and consult experts.

@disclosetv","https://t.me/disclosetv/19143","1767639494.0","2026-01-05T21:05:25.973755","1767647124866","1"
"telegram","disclosetv","JUST IN - Maduro pleads not guilty to all charges, says he is a ""decent man"" and still the President of Venezuela.

Maduro added he is a ""prisoner of war."" He told the court that he had not previously seen the indictment and was unaware of his legal rights.

Maduro‚Äôs wife, Cilia Flores, also pleaded not guilty to charges of illegal cocaine trafficking in the U.S., Reuters reports.

Both Maduro and Flores are requesting consular assistance from the Venezuelan embassy.

Judge orders Maduro to appear in court on March 17 for hearing.

@disclosetv","https://t.me/disclosetv/19141","1767633748.0","2026-01-05T21:05:25.974240","1767647124866","1"
"telegram","intelslava","üáªüá™üá∫üá∏‚ùóÔ∏èThe Venezuelan authorities have announced a mobilization 

Also, a ""war mode"" has been introduced for employees of the oil industry and other industries.","https://t.me/intelslava/81099","1767633399.0","2026-01-05T21:05:25.768105","1767647124866","1"
"telegram","intelslava","üá∫üá∏ üáÆüá∑ üáÆüá± The Jerusalem Post has received multiple indications that the US is considering some intervention in the ongoing Iran protests. At the same time, Israel is also checking if the removal of Venezuelan leader Nicolas Maduro will make action against the Iranian regime possible.

Until the intervention by US President Donald Trump in Caracas, most Israeli officials did not view the protests against Iran's Supreme Leader Ayatollah Ali Khamenei as necessarily approaching the volume necessary to achieve regime change.

There are indications that Washington is weighing some targeted intervention to assist the protest movement to get over the top of the Iranian regime.

More specifically, the Mossad has publicly admitted on Twitter to assisting Iranian protesters in the field.

 It is possible that the US may use some kind of threat of force and even limited force to prevent Khamenei from crushing the protest movement, in order to provide the movement more of a chance to grow.

https://www.jpost.com/middle-east/iran-news/article-882420","https://t.me/intelslava/81101","1767645981.0","2026-01-05T21:05:25.767783","1767647124866","1"
"telegram","disclosetv","NEW - Baltic countries on alert after series of suspicious undersea cable outages.

Read here: https://www.disclose.tv/id/8a5srb3amr/

@disclosetv","https://t.me/disclosetv/19142","1767634255.0","2026-01-05T21:05:25.974056","1767647124866","1"
"reddit","MetaKnowing","DoorDash says it banned driver who seemingly faked a delivery using AI
","https://reddit.com/r/technology/comments/1q4uflj/doordash_says_it_banned_driver_who_seemingly/","1767639248.0","2026-01-05T21:05:26.707667","1767647126296","1"
"reddit","_Dark_Wing","'Intelition' changes everything: AI is no longer a tool you invoke
","https://reddit.com/r/technology/comments/1q4t16f/intelition_changes_everything_ai_is_no_longer_a/","1767636301.0","2026-01-05T21:05:26.708392","1767647126296","1"
"reddit","DotAccording8872","Hyper-Imperialism: A Dangerous Decadent New Stage
","https://reddit.com/r/geopolitics/comments/1q4srs0/hyperimperialism_a_dangerous_decadent_new_stage/","1767635788.0","2026-01-05T21:05:26.708471","1767647126296","1"
"reddit","rezwenn","Hospitals Are a Proving Ground for What AI Can Do, and What It Can‚Äôt
","https://reddit.com/r/technology/comments/1q4t8h0/hospitals_are_a_proving_ground_for_what_ai_can_do/","1767636728.0","2026-01-05T21:05:26.708351","1767647126296","1"
"reddit","ComprehensiveWin1434","Japan Opposition Leaders Worry about U.S. Attacks on Venezuela
","https://reddit.com/r/worldnews/comments/1q4vqb2/japan_opposition_leaders_worry_about_us_attacks/","1767642020.0","2026-01-05T21:05:26.706464","1767647126296","1"
"reddit","rauhweltbegrifff","Samsung Co-CEO Says Prices Might Rise, Including TVs and Home Appliances
","https://reddit.com/r/technology/comments/1q4pmi3/samsung_coceo_says_prices_might_rise_including/","1767629044.0","2026-01-05T21:05:26.709373","1767647126296","1"
"reddit","Blind-but-unbroken","Everything announced at CES 2026
","https://reddit.com/r/technology/comments/1q4q4iv/everything_announced_at_ces_2026/","1767630157.0","2026-01-05T21:05:26.709299","1767647126296","1"
"reddit","cape2k","Berlin mayor warns on infrastructure after power station attack
","https://reddit.com/r/worldnews/comments/1q4skmq/berlin_mayor_warns_on_infrastructure_after_power/","1767635368.0","2026-01-05T21:05:26.708624","1767647126296","1"
"reddit","MetaKnowing","The 'Godfather of SaaS' says he replaced most of his sales team with AI agents: 'We're done with hiring humans'
","https://reddit.com/r/technology/comments/1q4u9zg/the_godfather_of_saas_says_he_replaced_most_of/","1767638919.0","2026-01-05T21:05:26.707906","1767647126296","1"
"reddit","alonso-Lewis-vettel","Colombian president says ‚ÄòI will take up arms again‚Äô if US invades
","https://reddit.com/r/worldnews/comments/1q4v3jz/colombian_president_says_i_will_take_up_arms/","1767640652.0","2026-01-05T21:05:26.707015","1767647126296","1"
"reddit","iam_antinous","Serbia Pledges $500,000 to Support Displaced Cambodian Families
","https://reddit.com/r/worldnews/comments/1q4p0ph/serbia_pledges_500000_to_support_displaced/","1767627747.0","2026-01-05T21:05:26.709412","1767647126296","1"
"reddit","ubcstaffer123","An NYU professor who hates that students' work reads like McKinsey memos held AI oral exams to 'fight fire with fire'
","https://reddit.com/r/technology/comments/1q4v43o/an_nyu_professor_who_hates_that_students_work/","1767640683.0","2026-01-05T21:05:26.706945","1767647126296","1"
"reddit","plz-let-me-in","Danish PM Warns of NATO‚Äôs End Should Trump Invade Greenland
","https://reddit.com/r/worldnews/comments/1q4t0ia/danish_pm_warns_of_natos_end_should_trump_invade/","1767636264.0","2026-01-05T21:05:26.708447","1767647126296","1"
"reddit","Ha8lpo321","Microsoft is slowly turning Edge into another Copilot app ‚Äî tests redesigned UI that takes inspiration from Copilot
","https://reddit.com/r/technology/comments/1q4rway/microsoft_is_slowly_turning_edge_into_another/","1767633931.0","2026-01-05T21:05:26.708883","1767647126296","1"
"reddit","ControlCAD","Experienced software developers assumed AI would save them a chunk of time. But in one experiment, their tasks took 20% longer
","https://reddit.com/r/technology/comments/1q4r3zu/experienced_software_developers_assumed_ai_would/","1767632259.0","2026-01-05T21:05:26.709191","1767647126296","1"
"reddit","Brennenstein","President Nicolas Maduro pleads not guilty to charges of narco-terrorism
","https://reddit.com/r/worldnews/comments/1q4sjhc/president_nicolas_maduro_pleads_not_guilty_to/","1767635302.0","2026-01-05T21:05:26.708707","1767647126296","1"
"reddit","The_truth_seaker99","What are some possible geopolitical implications if the US engaged in strikes on Iran over the protests?
","https://reddit.com/r/geopolitics/comments/1q4p2tz/what_are_some_possible_geopolitical_implications/","1767627875.0","2026-01-05T21:05:26.709392","1767647126296","1"
"reddit","digital-didgeridoo","Qualcomm expands Snapdragon on Windows with X2 Plus ‚Äì 10-core ARM CPU boasts 35% single-core jump
","https://reddit.com/r/technology/comments/1q4v5a5/qualcomm_expands_snapdragon_on_windows_with_x2/","1767640753.0","2026-01-05T21:05:26.706738","1767647126296","1"
"reddit","_Dark_Wing","'Fuel of the future' has been discovered in Minnesota
","https://reddit.com/r/technology/comments/1q4psdb/fuel_of_the_future_has_been_discovered_in/","1767629405.0","2026-01-05T21:05:26.709352","1767647126296","1"
"reddit","dukebop","To Get to Maduro, Trump Went Through Puerto Rico
","https://reddit.com/r/geopolitics/comments/1q4rrw8/to_get_to_maduro_trump_went_through_puerto_rico/","1767633670.0","2026-01-05T21:05:26.708934","1767647126296","1"
"reddit","MetaKnowing","I‚Äôm watching myself on YouTube saying things I would never say. This is the deepfake menace we must confront
","https://reddit.com/r/technology/comments/1q4tzmm/im_watching_myself_on_youtube_saying_things_i/","1767638322.0","2026-01-05T21:05:26.707968","1767647126296","1"
"reddit","MetaKnowing","Countries must move beyond seeing AI as a race, where one side must beat the other
","https://reddit.com/r/technology/comments/1q4txvl/countries_must_move_beyond_seeing_ai_as_a_race/","1767638222.0","2026-01-05T21:05:26.708053","1767647126296","1"
"reddit","ControlCAD","SanDisk says goodbye to WD Blue and Black SSDs, hello to new ‚ÄúOptimus‚Äù drives | Optimus SSDs will continue with the same model numbers that the WD SSDs used.
","https://reddit.com/r/technology/comments/1q4w2ah/sandisk_says_goodbye_to_wd_blue_and_black_ssds/","1767642744.0","2026-01-05T21:05:26.706141","1767647126296","1"
"reddit","Ok_Employer7837","Cuba faces uncertain future after US topples Venezuelan leader Maduro
","https://reddit.com/r/worldnews/comments/1q4xw5n/cuba_faces_uncertain_future_after_us_topples/","1767646756.0","2026-01-05T21:05:26.704752","1767647126296","1"
"reddit","SBEPTY","Microvision (MVIS) edge AI and perception (LIDAR) on drones Defense/Security
","https://reddit.com/r/technology/comments/1q4xhdm/microvision_mvis_edge_ai_and_perception_lidar_on/","1767645838.0","2026-01-05T21:05:26.705097","1767647126296","1"
"reddit","PM_THE_REAPER","Which countries could be in Trump's sights next?
","https://reddit.com/r/geopolitics/comments/1q4ulbd/which_countries_could_be_in_trumps_sights_next/","1767639587.0","2026-01-05T21:05:26.707449","1767647126296","1"
"reddit","StizzyInDaHizzy","IDF sources: Iran seeking to kill Syria's Ahmed al-Sharaa
","https://reddit.com/r/worldnews/comments/1q4qoz2/idf_sources_iran_seeking_to_kill_syrias_ahmed/","1767631380.0","2026-01-05T21:05:26.709232","1767647126296","1"
"reddit","CandidAd9457","Researcher Wipes White Supremacist Dating Sites, Leaks Data on okstupid.lol
","https://reddit.com/r/technology/comments/1q4rb9w/researcher_wipes_white_supremacist_dating_sites/","1767632670.0","2026-01-05T21:05:26.709165","1767647126296","1"
"reddit","MarvelsGrantMan136","Board Votes to Dissolve Corporation for Public Broadcasting After Loss of Federal Funding
","https://reddit.com/r/technology/comments/1q4uwr5/board_votes_to_dissolve_corporation_for_public/","1767640250.0","2026-01-05T21:05:26.707228","1767647126296","1"
"reddit","Bob_Spud","US attack on Greenland would mean end of Nato, says Danish PM
","https://reddit.com/r/geopolitics/comments/1q4w472/us_attack_on_greenland_would_mean_end_of_nato/","1767642861.0","2026-01-05T21:05:26.705967","1767647126296","1"
"reddit","sr_local","UN team enters Sudanese city of El Fasher after paramilitary massacre: ‚ÄòIt‚Äôs like a ghost town‚Äô
","https://reddit.com/r/worldnews/comments/1q4tgjd/un_team_enters_sudanese_city_of_el_fasher_after/","1767637196.0","2026-01-05T21:05:26.708173","1767647126296","1"
"reddit","Gentle_Snail","Starmer says he stands with Greenland after Trump threatens to take it over
","https://reddit.com/r/worldnews/comments/1q4s48p/starmer_says_he_stands_with_greenland_after_trump/","1767634402.0","2026-01-05T21:05:26.708767","1767647126296","1"
"reddit","Capital-Will6450","Ukraine targets Moscow daily with drones this year, Russia says, in apparent escalation
","https://reddit.com/r/worldnews/comments/1q4x52d/ukraine_targets_moscow_daily_with_drones_this/","1767645089.0","2026-01-05T21:05:26.705490","1767647126296","1"
"reddit","TripleShotPls","The First Production All-Solid-State Battery Is Here, And It Promises 5-Minute Charging
","https://reddit.com/r/technology/comments/1q4vrd9/the_first_production_allsolidstate_battery_is/","1767642082.0","2026-01-05T21:05:26.706368","1767647126296","1"
"reddit","silence7","Home electricity bills are skyrocketing. For data centers, not so much.
","https://reddit.com/r/technology/comments/1q4xv3z/home_electricity_bills_are_skyrocketing_for_data/","1767646690.0","2026-01-05T21:05:26.704774","1767647126296","1"
"reddit","CandidAd9457","Microsoft Office has been renamed to ‚ÄúMicrosoft 365 Copilot app‚Äù
","https://reddit.com/r/technology/comments/1q4y25e/microsoft_office_has_been_renamed_to_microsoft/","1767647114.0","2026-01-05T21:05:26.704648","1767647126296","1"
"reddit","TripleShotPls","Rivian Deliveries Decline Following Expiration of Tax EV Credit
","https://reddit.com/r/technology/comments/1q4xeit/rivian_deliveries_decline_following_expiration_of/","1767645667.0","2026-01-05T21:05:26.705161","1767647126296","1"
"reddit","Black_Scholes_Merton","Taiwan Sees Trump‚Äôs Arrest of Maduro as Helpful in Deterring Xi
","https://reddit.com/r/worldnews/comments/1q4u5ei/taiwan_sees_trumps_arrest_of_maduro_as_helpful_in/","1767638662.0","2026-01-05T21:05:26.707927","1767647126296","1"
"reddit","rezwenn","ICE Is Using Facial-Recognition Technology to Quickly Arrest People
","https://reddit.com/r/technology/comments/1q4rh3d/ice_is_using_facialrecognition_technology_to/","1767633022.0","2026-01-05T21:05:26.709119","1767647126296","1"
"reddit","CandidAd9457","An AI-Generated Reddit Post Fooled the Internet. It Was Only Half of an Elaborate Scam.(Post by a purported developer alleging that a major food delivery app exploits drivers)
","https://reddit.com/r/technology/comments/1q4wmdq/an_aigenerated_reddit_post_fooled_the_internet_it/","1767643941.0","2026-01-05T21:05:26.705764","1767647126296","1"
"reddit","CandidAd9457","Venezuela loses president, but gains empty Starlink internet offer‚Äî With no hardware for sale and no local service agreement, SpaceX‚Äôs move looks more like politics than philanthropy
","https://reddit.com/r/technology/comments/1q4w6ht/venezuela_loses_president_but_gains_empty/","1767643000.0","2026-01-05T21:05:26.705894","1767647126296","1"
"reddit","Franco1875","That viral Reddit post about food delivery apps was an AI scam
","https://reddit.com/r/technology/comments/1q4wq7c/that_viral_reddit_post_about_food_delivery_apps/","1767644177.0","2026-01-05T21:05:26.705700","1767647126296","1"
"reddit","Dr_Neurol","Macron says France ‚Äòdoes not approve‚Äô of US method to overthrow Maduro
","https://reddit.com/r/worldnews/comments/1q4rnpb/macron_says_france_does_not_approve_of_us_method/","1767633413.0","2026-01-05T21:05:26.709049","1767647126296","1"
"reddit","MetaKnowing","Microsoft AI CEO Warns of Existential Risks, Urges Global Regulations
","https://reddit.com/r/technology/comments/1q4ueow/microsoft_ai_ceo_warns_of_existential_risks_urges/","1767639194.0","2026-01-05T21:05:26.707839","1767647126296","1"
"reddit","rezwenn","This Is Where the Smart Green Tech Money Is Heading in 2026
","https://reddit.com/r/technology/comments/1q4thuo/this_is_where_the_smart_green_tech_money_is/","1767637272.0","2026-01-05T21:05:26.708136","1767647126296","1"
"reddit","1000andonenites","Three children dead in Iran protests as security forces accused of ‚Äòindiscriminate targeting‚Äô | Global development
","https://reddit.com/r/worldnews/comments/1q4qapu/three_children_dead_in_iran_protests_as_security/","1767630522.0","2026-01-05T21:05:26.709274","1767647126296","1"
"reddit","ChangeTheLAUSD","When AI Decides Reality Is Wrong, Technology Breaks
","https://reddit.com/r/technology/comments/1q4w655/when_ai_decides_reality_is_wrong_technology_breaks/","1767642979.0","2026-01-05T21:05:26.705944","1767647126296","1"
"reddit","grayfox0430","Venezuelan government seeks to show it is operating free from US control
","https://reddit.com/r/worldnews/comments/1q4vj4w/venezuelan_government_seeks_to_show_it_is/","1767641581.0","2026-01-05T21:05:26.706558","1767647126296","1"
"reddit","alonso-Lewis-vettel","Trump says Cuba is ‚Äòready to fall‚Äô after capture of Venezuela‚Äôs Maduro
","https://reddit.com/r/worldnews/comments/1q4tltc/trump_says_cuba_is_ready_to_fall_after_capture_of/","1767637509.0","2026-01-05T21:05:26.708112","1767647126296","1"
"reddit","self-fix","China and South Korea pledge to bolster ties as regional tensions rise
","https://reddit.com/r/worldnews/comments/1q4w1pi/china_and_south_korea_pledge_to_bolster_ties_as/","1767642709.0","2026-01-05T21:05:26.706194","1767647126296","1"
"reddit","Dry_Local3351","US-based multinational companies will be exempt from global tax deal
","https://reddit.com/r/worldnews/comments/1q4yg6e/usbased_multinational_companies_will_be_exempt/","1767647974.0","2026-01-05T21:19:45.884642","1767647985786","1"
